---
Agent007: Jeff Lam
anunatarajan: Anu Natarajan
DArrigoni: Drew Arrigoni
bboyle6681: Benjamin Boyle
chrslgn: Chris Logan
dboyle: David Boyle
derekcannon: Derek Cannon
dfunaki: Dan Funaki
drurly: Dru Riley
japhillips87: Josh Phillips
jawwad: Jawwad Ahmad
jcarlson: Jarrod Carlson
joecannatti: Joe Cannatti
joelhelbling: Joel Helbling
juanrobles: Juan Robles
kthomas: Kyle Thomas
mattjalexander: Matt Alexander
michelleN: Michelle Noorali
michellen: Michelle Noorali
mikesweeney: Mike Sweeney
npadgett: Nick Padgett
OkySabeni: Oky Sabeni
okysabeni: Oky Sabeni
philosodad: Paul Daigle
phuffstickler: Philip Huffstickler
phutchins: Philip Hutchins
rtaylor30: Rob Taylor
